sample_id,split,tags,reason
GTS07,example,normal,Biển Stop hình bát giác đỏ rõ nét — ví dụ điển hình priority; test mục 4 taxonomy
GTS01,example,normal,Biển tam giác cảnh báo đường cong rõ nét — ví dụ điển hình danger
BDD05,example,normal,Ảnh cao tốc ban ngày có biển giới hạn tốc độ rõ — ví dụ normal prohibitory
GTS04,example,negative,Ảnh không có biển giao thông nào — ví dụ negative để annotator biết khi nào không cần vẽ gì
BDD14,example,occlusion,Biển bị cành cây che ~40% — ví dụ label với visibility=occluded
GTS10,calibration,normal,Biển cấm vượt tròn đỏ rõ nét — test class prohibitory + geometry
GTS15,calibration,small_far,Biển tam giác nhỏ ở xa — test ngưỡng bbox >= 12px và category=danger
BDD07,calibration,low_visibility,Ảnh chạng vạng/tối có biển — test visibility rule
GTS28,calibration,negative,Ảnh không có biển giao thông — test negative case (không vẽ gì)
BDD02,calibration,occlusion;edge,Biển cấm bị xe khác che ~50% — test inclusion rule 20% visible
BDD16,calibration,occlusion;edge,Biển bị cắt mép ảnh bên trái — test visibility=truncated + bbox kéo đến cạnh ảnh
GTS20,blind,edge,Biển chỉ hướng hình chữ nhật xanh — test category=informational
GTS21,blind,normal,Biển chỉ hướng hình chữ nhật — test category=informational
GTS22,blind,edge;critical,Biển tam giác ngược nhường đường + biển phụ — test priority critical
GTS23,blind,critical,Biển cấm tốc độ — test prohibitory critical
GTS24,blind,ambiguity,Biển vuông chỉ dẫn — test category=informational vs unknown
GTS25,blind,conflict;critical,Biển STOP + biển cấm rẽ trái trên cùng cột — test 2 instance riêng biệt
