sample_id,decision_id,expected,severity,kind,peer_evidence,correct,note
GTS20,d1,label=traffic_sign category=informational,major,decision,traffic_sign [category=mandatory;needs_review=false;visibility=clear]×2 | traffic_sign [category=other;needs_review=false;visibility=clear] | traffic_sign [category=priority;needs_review=false;visibility=clear],0,guideline_gap: peer chọn other/mandatory cho biển chỉ hướng chữ nhật vì guideline chưa làm rõ informational
GTS21,d1,label=traffic_sign category=informational,major,decision,traffic_sign [category=mandatory;needs_review=false;visibility=clear] | traffic_sign [category=other;needs_review=false;visibility=clear],0,guideline_gap: peer chọn other cho biển chữ nhật chỉ hướng
GTS22,d1,label=traffic_sign category=priority,critical,decision,traffic_sign [category=other;needs_review=false;visibility=clear] | traffic_sign [category=priority;needs_review=false;visibility=clear],1,peer nhận diện đúng biển tam giác ngược nhường đường là priority
GTS22,d2,geometry: bbox ôm sát viền biển tam giác,minor,geometry,traffic_sign [category=other;needs_review=false;visibility=clear] | traffic_sign [category=priority;needs_review=false;visibility=clear],1,peer vẽ bbox đúng visible extent biển tam giác nhường đường
GTS23,d1,label=traffic_sign category=prohibitory,critical,decision,traffic_sign [category=mandatory;needs_review=false;visibility=clear] | traffic_sign [category=priority;needs_review=false;visibility=clear]×2,0,execution_error: peer gán nhầm biển cấm tròn viền đỏ thành mandatory/priority
GTS24,d1,label=traffic_sign category=informational,major,decision,traffic_sign [category=mandatory;needs_review=false;visibility=clear],0,guideline_gap: peer chọn mandatory cho biển vuông chỉ dẫn
GTS25,d1,label=traffic_sign x2 (hai instance riêng biệt),critical,decision,traffic_sign [category=priority;needs_review=false;visibility=clear] | traffic_sign [category=prohibitory;needs_review=false;visibility=clear],1,peer vẽ đúng 2 shape riêng biệt cho 2 biển trên cùng cột
GTS25,d2,category=priority (STOP) và category=prohibitory (cấm rẽ),critical,decision,traffic_sign [category=priority;needs_review=false;visibility=clear] | traffic_sign [category=prohibitory;needs_review=false;visibility=clear],1,peer phân loại chính xác STOP là priority và cấm rẽ là prohibitory
GTS25,d3,geometry: bbox không bao cột đỡ,minor,geometry,traffic_sign [category=priority;needs_review=false;visibility=clear] | traffic_sign [category=prohibitory;needs_review=false;visibility=clear],1,peer tuân thủ quy tắc geometry không bao cột đỡ
GTS25,d4,visibility=clear,minor,decision,traffic_sign [category=priority;needs_review=false;visibility=clear] | traffic_sign [category=prohibitory;needs_review=false;visibility=clear],1,peer gán đúng visibility=clear cho cả 2 biển
